[
 {
   "Area": "Hartlepool",
   "Remain": 30.43,
   "Leave": 69.57
 },
 {
   "Area": "Middlesbrough",
   "Remain": 34.52,
   "Leave": 65.48
 },
 {
   "Area": "Redcar and Cleveland",
   "Remain": 33.81,
   "Leave": 66.19
 },
 {
   "Area": "Stockton-on-Tees",
   "Remain": 38.27,
   "Leave": 61.73
 },
 {
   "Area": "Darlington",
   "Remain": 43.82,
   "Leave": 56.18
 },
 {
   "Area": "County Durham",
   "Remain": 42.45,
   "Leave": 57.55
 },
 {
   "Area": "Northumberland",
   "Remain": 45.89,
   "Leave": 54.11
 },
 {
   "Area": "Newcastle upon Tyne",
   "Remain": 50.7,
   "Leave": 49.3
 },
 {
   "Area": "North Tyneside",
   "Remain": 46.6,
   "Leave": 53.4
 },
 {
   "Area": "South Tyneside",
   "Remain": 37.95,
   "Leave": 62.05
 },
 {
   "Area": "Sunderland",
   "Remain": 38.66,
   "Leave": 61.34
 },
 {
   "Area": "Gateshead",
   "Remain": 43.15,
   "Leave": 56.85
 }
]