[
  {
    "Region": "East",
    "Area": "Peterborough",
    "Valid_Votes": 87392,
    "Remain": 34176,
    "Leave": 53216,
    "Percent_Remain": 39.11,
    "Percent_Leave": 60.89
  },
  {
    "Region": "East",
    "Area": "Luton",
    "Valid_Votes": 84481,
    "Remain": 36708,
    "Leave": 47773,
    "Percent_Remain": 43.45,
    "Percent_Leave": 56.55
  },
  {
    "Region": "East",
    "Area": "Southend-on-Sea",
    "Valid_Votes": 93870,
    "Remain": 39348,
    "Leave": 54522,
    "Percent_Remain": 41.92,
    "Percent_Leave": 58.08
  },
  {
    "Region": "East",
    "Area": "Thurrock",
    "Valid_Votes": 79916,
    "Remain": 22151,
    "Leave": 57765,
    "Percent_Remain": 27.72,
    "Percent_Leave": 72.28
  },
  {
    "Region": "East",
    "Area": "Bedford",
    "Valid_Votes": 86066,
    "Remain": 41497,
    "Leave": 44569,
    "Percent_Remain": 48.22,
    "Percent_Leave": 51.78
  },
  {
    "Region": "East",
    "Area": "Central Bedfordshire",
    "Valid_Votes": 158804,
    "Remain": 69670,
    "Leave": 89134,
    "Percent_Remain": 43.87,
    "Percent_Leave": 56.13
  },
  {
    "Region": "East",
    "Area": "Cambridge",
    "Valid_Votes": 57799,
    "Remain": 42682,
    "Leave": 15117,
    "Percent_Remain": 73.85,
    "Percent_Leave": 26.15
  },
  {
    "Region": "East",
    "Area": "East Cambridgeshire",
    "Valid_Votes": 48086,
    "Remain": 23599,
    "Leave": 24487,
    "Percent_Remain": 49.08,
    "Percent_Leave": 50.92
  },
  {
    "Region": "East",
    "Area": "Fenland",
    "Valid_Votes": 52626,
    "Remain": 15055,
    "Leave": 37571,
    "Percent_Remain": 28.61,
    "Percent_Leave": 71.39
  },
  {
    "Region": "East",
    "Area": "Huntingdonshire",
    "Valid_Votes": 99927,
    "Remain": 45729,
    "Leave": 54198,
    "Percent_Remain": 45.76,
    "Percent_Leave": 54.24
  },
  {
    "Region": "East",
    "Area": "South Cambridgeshire",
    "Valid_Votes": 93189,
    "Remain": 56128,
    "Leave": 37061,
    "Percent_Remain": 60.23,
    "Percent_Leave": 39.77
  },
  {
    "Region": "East",
    "Area": "Basildon",
    "Valid_Votes": 97999,
    "Remain": 30748,
    "Leave": 67251,
    "Percent_Remain": 31.38,
    "Percent_Leave": 68.62
  },
  {
    "Region": "East",
    "Area": "Braintree",
    "Valid_Votes": 86236,
    "Remain": 33523,
    "Leave": 52713,
    "Percent_Remain": 38.87,
    "Percent_Leave": 61.13
  },
  {
    "Region": "East",
    "Area": "Brentwood",
    "Valid_Votes": 46704,
    "Remain": 19077,
    "Leave": 27627,
    "Percent_Remain": 40.85,
    "Percent_Leave": 59.15
  },
  {
    "Region": "East",
    "Area": "Castle Point",
    "Valid_Votes": 51845,
    "Remain": 14154,
    "Leave": 37691,
    "Percent_Remain": 27.3,
    "Percent_Leave": 72.7
  },
  {
    "Region": "East",
    "Area": "Chelmsford",
    "Valid_Votes": 100794,
    "Remain": 47545,
    "Leave": 53249,
    "Percent_Remain": 47.17,
    "Percent_Leave": 52.83
  },
  {
    "Region": "East",
    "Area": "Colchester",
    "Valid_Votes": 95719,
    "Remain": 44414,
    "Leave": 51305,
    "Percent_Remain": 46.4,
    "Percent_Leave": 53.6
  },
  {
    "Region": "East",
    "Area": "Epping Forest",
    "Valid_Votes": 76852,
    "Remain": 28676,
    "Leave": 48176,
    "Percent_Remain": 37.31,
    "Percent_Leave": 62.69
  },
  {
    "Region": "East",
    "Area": "Harlow",
    "Valid_Votes": 43469,
    "Remain": 13867,
    "Leave": 29602,
    "Percent_Remain": 31.9,
    "Percent_Leave": 68.1
  },
  {
    "Region": "East",
    "Area": "Maldon",
    "Valid_Votes": 38831,
    "Remain": 14529,
    "Leave": 24302,
    "Percent_Remain": 37.42,
    "Percent_Leave": 62.58
  },
  {
    "Region": "East",
    "Area": "Rochford",
    "Valid_Votes": 52447,
    "Remain": 17510,
    "Leave": 34937,
    "Percent_Remain": 33.39,
    "Percent_Leave": 66.61
  },
  {
    "Region": "East",
    "Area": "Tendring",
    "Valid_Votes": 82657,
    "Remain": 25210,
    "Leave": 57447,
    "Percent_Remain": 30.5,
    "Percent_Leave": 69.5
  },
  {
    "Region": "East",
    "Area": "Uttlesford",
    "Valid_Votes": 51943,
    "Remain": 25619,
    "Leave": 26324,
    "Percent_Remain": 49.32,
    "Percent_Leave": 50.68
  },
  {
    "Region": "East",
    "Area": "Broxbourne",
    "Valid_Votes": 50872,
    "Remain": 17166,
    "Leave": 33706,
    "Percent_Remain": 33.74,
    "Percent_Leave": 66.26
  },
  {
    "Region": "East",
    "Area": "Dacorum",
    "Valid_Votes": 86244,
    "Remain": 42542,
    "Leave": 43702,
    "Percent_Remain": 49.33,
    "Percent_Leave": 50.67
  },
  {
    "Region": "East",
    "Area": "Hertsmere",
    "Valid_Votes": 56125,
    "Remain": 27593,
    "Leave": 28532,
    "Percent_Remain": 49.16,
    "Percent_Leave": 50.84
  },
  {
    "Region": "East",
    "Area": "North Hertfordshire",
    "Valid_Votes": 77672,
    "Remain": 42234,
    "Leave": 35438,
    "Percent_Remain": 54.37,
    "Percent_Leave": 45.63
  },
  {
    "Region": "East",
    "Area": "Three Rivers",
    "Valid_Votes": 52848,
    "Remain": 25751,
    "Leave": 27097,
    "Percent_Remain": 48.73,
    "Percent_Leave": 51.27
  },
  {
    "Region": "East",
    "Area": "Watford",
    "Valid_Votes": 46586,
    "Remain": 23167,
    "Leave": 23419,
    "Percent_Remain": 49.73,
    "Percent_Leave": 50.27
  },
  {
    "Region": "East",
    "Area": "Breckland",
    "Valid_Votes": 73548,
    "Remain": 26313,
    "Leave": 47235,
    "Percent_Remain": 35.78,
    "Percent_Leave": 64.22
  },
  {
    "Region": "East",
    "Area": "Broadland",
    "Valid_Votes": 77737,
    "Remain": 35469,
    "Leave": 42268,
    "Percent_Remain": 45.63,
    "Percent_Leave": 54.37
  },
  {
    "Region": "East",
    "Area": "Great Yarmouth",
    "Valid_Votes": 50128,
    "Remain": 14284,
    "Leave": 35844,
    "Percent_Remain": 28.5,
    "Percent_Leave": 71.5
  },
  {
    "Region": "East",
    "Area": "King's Lynn and West Norfolk",
    "Valid_Votes": 85080,
    "Remain": 28587,
    "Leave": 56493,
    "Percent_Remain": 33.6,
    "Percent_Leave": 66.4
  },
  {
    "Region": "East",
    "Area": "North Norfolk",
    "Valid_Votes": 63790,
    "Remain": 26214,
    "Leave": 37576,
    "Percent_Remain": 41.09,
    "Percent_Leave": 58.91
  },
  {
    "Region": "East",
    "Area": "Norwich",
    "Valid_Votes": 66366,
    "Remain": 37326,
    "Leave": 29040,
    "Percent_Remain": 56.24,
    "Percent_Leave": 43.76
  },
  {
    "Region": "East",
    "Area": "South Norfolk",
    "Valid_Votes": 80358,
    "Remain": 38817,
    "Leave": 41541,
    "Percent_Remain": 48.31,
    "Percent_Leave": 51.69
  },
  {
    "Region": "East",
    "Area": "Babergh",
    "Valid_Votes": 55242,
    "Remain": 25309,
    "Leave": 29933,
    "Percent_Remain": 45.81,
    "Percent_Leave": 54.19
  },
  {
    "Region": "East",
    "Area": "Forest Heath",
    "Valid_Votes": 27951,
    "Remain": 9791,
    "Leave": 18160,
    "Percent_Remain": 35.03,
    "Percent_Leave": 64.97
  },
  {
    "Region": "East",
    "Area": "Ipswich",
    "Valid_Votes": 66353,
    "Remain": 27698,
    "Leave": 38655,
    "Percent_Remain": 41.74,
    "Percent_Leave": 58.26
  },
  {
    "Region": "East",
    "Area": "Mid Suffolk",
    "Valid_Votes": 61185,
    "Remain": 27391,
    "Leave": 33794,
    "Percent_Remain": 44.77,
    "Percent_Leave": 55.23
  },
  {
    "Region": "East",
    "Area": "St Edmundsbury",
    "Valid_Votes": 62210,
    "Remain": 26986,
    "Leave": 35224,
    "Percent_Remain": 43.38,
    "Percent_Leave": 56.62
  },
  {
    "Region": "East",
    "Area": "Suffolk Coastal",
    "Valid_Votes": 79184,
    "Remain": 37218,
    "Leave": 41966,
    "Percent_Remain": 47,
    "Percent_Leave": 53
  },
  {
    "Region": "East",
    "Area": "Waveney",
    "Valid_Votes": 65646,
    "Remain": 24356,
    "Leave": 41290,
    "Percent_Remain": 37.1,
    "Percent_Leave": 62.9
  },
  {
    "Region": "East",
    "Area": "St Albans",
    "Valid_Votes": 86445,
    "Remain": 54208,
    "Leave": 32237,
    "Percent_Remain": 62.71,
    "Percent_Leave": 37.29
  },
  {
    "Region": "East",
    "Area": "Welwyn Hatfield",
    "Valid_Votes": 58610,
    "Remain": 27550,
    "Leave": 31060,
    "Percent_Remain": 47.01,
    "Percent_Leave": 52.99
  },
  {
    "Region": "East",
    "Area": "East Hertfordshire",
    "Valid_Votes": 85366,
    "Remain": 42372,
    "Leave": 42994,
    "Percent_Remain": 49.64,
    "Percent_Leave": 50.36
  },
  {
    "Region": "East",
    "Area": "Stevenage",
    "Valid_Votes": 45785,
    "Remain": 18659,
    "Leave": 27126,
    "Percent_Remain": 40.75,
    "Percent_Leave": 59.25
  }
]