Region,Area,Valid_Votes,Remain,Leave,Percent_Remain,Percent_Leave
East,Peterborough,87392,34176,53216,39.11,60.89
East,Luton,84481,36708,47773,43.45,56.55
East,Southend-on-Sea,93870,39348,54522,41.92,58.08
East,Thurrock,79916,22151,57765,27.72,72.28
East,Bedford,86066,41497,44569,48.22,51.78
East,Central Bedfordshire,158804,69670,89134,43.87,56.13
East,Cambridge,57799,42682,15117,73.85,26.15
East,East Cambridgeshire,48086,23599,24487,49.08,50.92
East,Fenland,52626,15055,37571,28.61,71.39
East,Huntingdonshire,99927,45729,54198,45.76,54.24
East,South Cambridgeshire,93189,56128,37061,60.23,39.77
East,Basildon,97999,30748,67251,31.38,68.62
East,Braintree,86236,33523,52713,38.87,61.13
East,Brentwood,46704,19077,27627,40.85,59.15
East,Castle Point,51845,14154,37691,27.3,72.7
East,Chelmsford,100794,47545,53249,47.17,52.83
East,Colchester,95719,44414,51305,46.4,53.6
East,Epping Forest,76852,28676,48176,37.31,62.69
East,Harlow,43469,13867,29602,31.9,68.1
East,Maldon,38831,14529,24302,37.42,62.58
East,Rochford,52447,17510,34937,33.39,66.61
East,Tendring,82657,25210,57447,30.5,69.5
East,Uttlesford,51943,25619,26324,49.32,50.68
East,Broxbourne,50872,17166,33706,33.74,66.26
East,Dacorum,86244,42542,43702,49.33,50.67
East,Hertsmere,56125,27593,28532,49.16,50.84
East,North Hertfordshire,77672,42234,35438,54.37,45.63
East,Three Rivers,52848,25751,27097,48.73,51.27
East,Watford,46586,23167,23419,49.73,50.27
East,Breckland,73548,26313,47235,35.78,64.22
East,Broadland,77737,35469,42268,45.63,54.37
East,Great Yarmouth,50128,14284,35844,28.5,71.5
East,King's Lynn and West Norfolk,85080,28587,56493,33.6,66.4
East,North Norfolk,63790,26214,37576,41.09,58.91
East,Norwich,66366,37326,29040,56.24,43.76
East,South Norfolk,80358,38817,41541,48.31,51.69
East,Babergh,55242,25309,29933,45.81,54.19
East,Forest Heath,27951,9791,18160,35.03,64.97
East,Ipswich,66353,27698,38655,41.74,58.26
East,Mid Suffolk,61185,27391,33794,44.77,55.23
East,St Edmundsbury,62210,26986,35224,43.38,56.62
East,Suffolk Coastal,79184,37218,41966,47,53
East,Waveney,65646,24356,41290,37.1,62.9
East,St Albans,86445,54208,32237,62.71,37.29
East,Welwyn Hatfield,58610,27550,31060,47.01,52.99
East,East Hertfordshire,85366,42372,42994,49.64,50.36
East,Stevenage,45785,18659,27126,40.75,59.25
