{
    "name": "Southwest_cities",
    "children": 
[
 {
   "name": "Remain",
   "children": [
      {
         "name": "Bath and North East Somerset",
         "category": "Remain",
         "value": 105230
      },
      {
         "name": "Bristol",
         "category": "Remain",
         "value": 228445
      },
      {
         "name": "Isles of Scilly",
         "category": "Remain",
         "value": 1424
      },
      {
         "name": "Exeter",
         "category": "Remain",
         "value": 63803
      },
      {
         "name": "South Hams",
         "category": "Remain",
         "value": 55450
      }
   ]
},
 {
   "name": "Leave",
   "children": [
      {
         "name": "North Somerset",
         "category": "Leave",
         "value": 124548
      },
      {
         "name": "South Gloucestershire",
         "category": "Leave",
         "value": 158333
      },
      {
         "name": "Plymouth",
         "category": "Leave",
         "value": 133455
      },
      {
         "name": "Torbay",
         "category": "Leave",
         "value": 75824
      },
      {
         "name": "Bournemouth",
         "category": "Leave",
         "value": 91926
      },
      {
         "name": "Poole",
         "category": "Leave",
         "value": 85448
      },
      {
         "name": "Swindon",
         "category": "Leave",
         "value": "112965"
      },
      {
         "name": "Cornwall",
         "category": "Leave",
         "value": 323205
      },
      {
         "name": "Wiltshire",
         "category": "Leave",
         "value": 288895
      },
      {
         "name": "East Devon",
         "category": "Leave",
         "value": 88783
      },
      {
         "name": "Mid Devon",
         "category": "Leave",
         "value": 48006
      },
      {
         "name": "North Devon",
         "category": "Leave",
         "value": 58031
      },
      {
         "name": "Teignbridge",
         "category": "Leave",
         "value": 82312
      },
      {
         "name": "Torridge",
         "category": "Leave",
         "value": 41429
      },
      {
         "name": "West Devon",
         "category": "Leave",
         "value": 35595
      },
      {
         "name": "Christchurch",
         "category": "Leave",
         "value": 31050
      },
      {
         "name": "East Dorset",
         "category": "Leave",
         "value": 58488
      },
      {
         "name": "North Dorset",
         "category": "Leave",
         "value": 42201
      },
      {
         "name": "Purbeck",
         "category": "Leave",
         "value": 28720
      },
      {
         "name": "West Dorset",
         "category": "Leave",
         "value": 65191
      }
   ]
}
]
}